cluster,core_phrase,pattern,count,mean_prob
370,получила открытку,VERB NOUN,85,0.9726866307586599
6,самого найлучшего,ADJ VERB,79,0.9369125808168337
15,подпись подпись,NOUN NOUN,76,0.8902500258018309
11,семейство поздравляем,NOUN VERB,66,0.7628493891266203
120,хорошо провести,ADJ VERB,56,0.9361717143595969
17,целую шлю,ADJ NOUN,56,0.8170617962663359
369,сейчас получил,ADV VERB,51,0.870665551184607
392,здоровы привет,ADJ NOUN,49,0.562928125912148
230,уже нрзб,ADV VERB,48,0.6551462156494895
88,христовым воскресением,ADJ NOUN,44,0.9161062840824123
486,сейчас приехали,ADV VERB,44,0.8726074832391397
2,со днем ангела,ADP NOUN NOUN,43,0.9596093342721002
112,пожелания желаю,NOUN VERB,42,0.8993703079072739
49,сейчас нет,ADV VERB,42,0.8648078704846567
283,здоровье здоровья,NOUN NOUN,42,0.6290312380705174
406,пиши пожалуйста,VERB ADV,42,0.4282552863583674
322,ти нрзб,NOUN VERB,39,0.8096031684471132
163,праздником днем,NOUN NOUN,36,0.9123636733801234
4,память поздравляю,NOUN VERB,36,0.8396535249056988
188,поздравляю вас праздником,VERB PRON NOUN,36,0.8291914273705508
381,привет папа,NOUN NOUN,36,0.44151690705726193
147,ожидаю поезда,VERB NOUN,34,0.8998177480367932
366,дорогие друзья,ADJ NOUN,34,0.4458572068078289
110,хорошо остаюсь,ADV VERB,34,0.3518727673803862
224,желаю от души,VERB ADP NOUN,33,0.9063240038530974
479,еще придется,ADV VERB,32,0.7115735557160646
292,прошу пожалуйста,VERB ADV,32,0.6122498094372558
353,пишите адрес,VERB NOUN,31,0.8774782231397549
10,добрым знакомым,ADJ NOUN,31,0.8041710742653527
464,хорошо устроился,ADV VERB,31,0.5897987176408107
131,милую мамочку,ADJ NOUN,31,0.5094986480670691
186,берегу моря,NOUN NOUN,29,0.9476619044526371
415,получено письмо,VERB NOUN,29,0.9436691040007493
142,сейчас живу,ADV VERB,29,0.8346150272938193
497,идут дела,VERB NOUN,29,0.4650593580047585
476,дорогая галечка,ADJ NOUN,28,0.8048970925496899
228,желаим желаем,NOUN VERB,28,0.7031587906722453
197,хорошую погоду,ADJ NOUN,28,0.5829633799577378
81,годом год,NOUN NOUN,28,0.5476425271748833
334,красной армии,ADJ NOUN,28,0.5339523253858309
428,привет поздравления,NOUN NOUN,27,0.9330741240887738
46,праздником мая,NOUN NOUN,27,0.8185869568163663
40,светлых солнечных дней,ADJ ADJ NOUN,26,0.9234345682132776
95,поклон поздравление,ADJ NOUN,26,0.6425124647855712
376,сейчас пишу,ADV VERB,26,0.5196680778229834
123,уваж ающий,NOUN VERB,25,0.8542286776495424
285,благополучья благополучия,VERB NOUN,25,0.8312517512103075
205,вместе целуем,ADV VERB,25,0.718294184327539
473,сегодня уезжаю,ADV VERB,25,0.5962377930198747
19,хорошего шура,ADJ NOUN,25,0.5128659720953532
305,привет вера,NOUN NOUN,24,0.81465375426643
84,годовщиной октября,NOUN NOUN,24,0.7936569742735765
164,очень беспокоюсь,ADV VERB,24,0.6751757950560414
410,дорогой дядя,ADJ NOUN,24,0.5942786367253545
249,сдаю экзамены,VERB NOUN,24,0.5725185305204001
122,уважением любовью,NOUN NOUN,24,0.4865288877507406
411,детям внукам,NOUN NOUN,24,0.4346104023531163
109,очень хочется,ADV VERB,23,0.93003475496495
43,женским днем,ADJ NOUN,23,0.8814947957515618
79,теперь жду,ADV VERB,23,0.8088078693048162
500,теперь едем,ADV VERB,23,0.7977411295911696
478,там думаю,ADV VERB,23,0.746769207871321
272,доброго здоровья,ADJ NOUN,23,0.6022089510026362
98,днем рожденья,NOUN NOUN,23,0.5687387947620213
126,часто вспоминаю,ADV VERB,23,0.47185389234656566
85,год желаю,NOUN VERB,23,0.45164101997057154
177,поздравляем днем,VERB NOUN,22,0.8303986495712962
281,привет супругу,NOUN NOUN,22,0.760174763861355
288,свидания привет,NOUN NOUN,22,0.721640957979635
474,завтра поеду,ADV VERB,21,0.9043039651406906
179,сердечно поздравляю,ADV VERB,21,0.8978864546197786
336,ивановна поздравляю,NOUN VERB,21,0.778349361078207
300,простите пожалуйста,VERB ADV,21,0.6538264391442357
487,знаю где,VERB ADV,21,0.5954785952960145
26,дорогой имениницей,ADJ NOUN,21,0.5932039530173722
348,подробно напишу,ADV VERB,21,0.5573010419961699
200,сердечным приветом,ADJ NOUN,20,0.6845775264991386
117,нрзб где,VERB ADV,20,0.674889765835405
69,маму поздравляю,NOUN VERB,20,0.6296207349249572
484,приехать домой,VERB ADV,20,0.6265069986723538
24,очень скучаю,ADV VERB,20,0.5723619092365283
72,передавайте привет,VERB NOUN,20,0.5418013009585244
30,цветут цветы,VERB NOUN,20,0.45509356594303074
470,часам вечера,NOUN NOUN,19,0.8787158607953693
3,привет подпись,NOUN NOUN,19,0.8149120202730193
467,милая валечка,ADJ NOUN,19,0.8042125272837708
477,пользуюсь случаем,VERB NOUN,19,0.7543610169603268
143,наилучшие пожелания,ADJ NOUN,19,0.7137293602758155
217,будущий год,ADJ NOUN,19,0.7057332193056012
492,здесь есть,ADV VERB,19,0.6990157349336018
73,низко кланяюсь,ADV VERB,19,0.6681041583662818
140,дорогой нрзб,NOUN VERB,19,0.6609805993684891
385,приехала посылаю,VERB NOUN,19,0.5861681213083091
364,васильевна поздравляем,ADV VERB,18,0.9174149059158161
33,счастья исполнения,NOUN NOUN,18,0.9125725137530463
498,работаю очень,VERB ADV,18,0.8476979085944131
51,счастливой жизни,ADJ NOUN,18,0.8310672196208125
269,приветом володя,NOUN VERB,18,0.7973792850016008
232,хорошо встретить,ADJ VERB,18,0.7880149067614607
212,идет снег,VERB NOUN,18,0.7861697178280619
446,проведу лето,VERB NOUN,18,0.6887569556584936
330,старого года,ADJ NOUN,18,0.6404734236246633
329,новую квартиру,ADJ NOUN,18,0.632623547517823
342,приветом лида,NOUN NOUN,17,0.9573906192008479
458,уже уехал,ADV VERB,17,0.9013659928180959
453,письмо напиши,NOUN VERB,17,0.8667958068614728
323,руб нрзб,NOUN VERB,17,0.8432215884410426
303,счастья радости,NOUN NOUN,17,0.7739584973785604
240,успехов жизни,NOUN NOUN,17,0.7510352678893637
139,приветом нрзб,NOUN VERB,17,0.7423101982605409
429,тетя дядя,NOUN NOUN,17,0.716643072739054
398,хорошее письмо,ADJ NOUN,17,0.7122107921171906
60,праздником рождества,NOUN NOUN,17,0.6858379546518913
260,родных наступающим,NOUN VERB,17,0.6800809527372038
326,выслать документы,VERB NOUN,17,0.678874661744658
302,щастья счастья,NOUN NOUN,17,0.6714901246957431
382,нину витю,NOUN VERB,17,0.6595345504422285
28,марта поздравляю,NOUN VERB,17,0.6373946356195548
21,слава богу,NOUN NOUN,17,0.6357166180079913
38,желания исполнятся,NOUN VERB,17,0.6336268445857405
156,мирного чистого неба,ADJ ADJ NOUN,17,0.5983203175269918
268,хорошо чувствую,ADV VERB,17,0.5980117097440992
481,думаю скоро,VERB ADV,16,0.9886955486503699
471,дорогая манечка,ADJ NOUN,16,0.9763859683866469
503,вчера хотела,ADV VERB,16,0.971768014653384
489,идет время,VERB NOUN,16,0.9198858359708397
286,радости веселье,NOUN NOUN,16,0.7954994071845684
416,совсем перебралась,ADV VERB,16,0.7744819450193955
234,нрзб очень,VERB ADV,16,0.7709956477303956
211,идет дождь,VERB NOUN,16,0.7341511971683212
218,хорошего настроения,ADJ NOUN,16,0.7217293314229023
29,днем марта,NOUN NOUN,16,0.7147651298173572
335,получила карточку,VERB NOUN,16,0.7131774301604972
427,дорогие поздравляем,ADJ VERB,16,0.7016350268565353
413,пишите письма,VERB NOUN,16,0.6842726279704687
287,до свиданья свидания,ADP NOUN NOUN,16,0.6771580864562365
394,катюша поздравляю,NOUN VERB,16,0.6089461655853452
136,труде учебе,NOUN NOUN,16,0.5540803979160565
210,счастьем здоровья,NOUN NOUN,16,0.5337929070842218
173,редко пишешь,ADV VERB,16,0.5139096056675042
5,уважающая вас подпись,VERB PRON NOUN,15,0.9424782110533574
255,счастья успехов,NOUN NOUN,15,0.9269129439555024
273,желаем здоровья,VERB NOUN,15,0.8844556236370512
180,главное здоровье,ADJ NOUN,15,0.8292264168001876
63,крестный поздравляю,NOUN VERB,15,0.8217219200770928
113,мама пиши,NOUN VERB,15,0.8070140338092957
64,привет мама,NOUN NOUN,15,0.8027392968527332
374,дорогой папа,ADJ NOUN,15,0.7669924807713705
184,жызни жизни,NOUN NOUN,15,0.7656653561307788
9,приветом тамара,NOUN NOUN,15,0.7621992465965437
57,радостного пасху,ADJ NOUN,15,0.6854334885863551
50,целуем мама,VERB NOUN,15,0.6400884221829589
102,желаю успехов,VERB NOUN,15,0.5946115862659581
445,долгих лет,ADJ NOUN,15,0.541096536773139
339,хорошего отдыха,ADJ NOUN,14,0.8952175616273838
229,хорошего желаю,ADJ VERB,14,0.8889298707232554
438,танечка поздравляю,NOUN VERB,14,0.8595669986033511
461,час дня,NOUN NOUN,14,0.8086639640190405
508,приезжай пожалуйста,VERB ADV,14,0.793770700454261
207,погода стала,NOUN VERB,14,0.7937130933698516
48,нет писем,VERB NOUN,14,0.7927962310437283
304,учатся хорошо,VERB ADV,14,0.7818275067204113
25,имянинницей именинницей,NOUN NOUN,14,0.7542744558616177
455,доехали благополучно,VERB ADV,14,0.7361622715890074
53,маме нрзб,NOUN VERB,14,0.7299440832217704
367,завком комитет,ADJ NOUN,14,0.6674334624672041
343,первое время,ADJ NOUN,14,0.6482131625613438
301,милую верочку,ADJ NOUN,14,0.624977789953262
306,дети учатся,NOUN VERB,13,0.9537537168155905
347,потом напишу,ADV VERB,13,0.9101899101414394
253,счастья приветом,NOUN NOUN,13,0.898778481098457
235,пришлю нрзб,NOUN VERB,13,0.8472218036162478
337,очень радует,ADV VERB,13,0.8426969568012759
431,дорогие тетя,ADJ NOUN,13,0.8400005254414871
31,июля шлю,NOUN NOUN,13,0.817186825317364
236,нрзб письмо,VERB NOUN,13,0.7903871799359121
310,маленький подарок,ADJ NOUN,13,0.7604999962957861
400,нюша поздравляю,NOUN VERB,13,0.7589477198682251
267,дорогая многоуважаемая,ADJ NOUN,13,0.7433050554787896
165,очень жалею,ADV VERB,13,0.7374699528483888
134,живем неплохо,VERB ADV,13,0.7148170518220134
196,вам доброго здоровья,PRON ADJ NOUN,13,0.7128063371031712
214,большого счастья,ADJ NOUN,13,0.6976420278146402
23,очень устали,ADV VERB,13,0.6641207620227967
361,пиши чаще,VERB ADV,13,0.6474530250141369
243,провести праздники,VERB NOUN,13,0.614719547054515
13,наилучшего привет,ADJ NOUN,13,0.5999242620267895
351,бабушку поздравляю,NOUN VERB,13,0.5857542244474075
86,совсем забыла,ADV VERB,13,0.5728189051489335
317,мама сестры,NOUN NOUN,13,0.5629429156181021
417,дорогая подруга,ADJ NOUN,12,0.9283161025154208
83,поздравляю вас годовщиной,VERB PRON NOUN,12,0.9018959772473268
440,тамарочка поздравляю,NOUN VERB,12,0.8922339272940291
75,жду нетерпением,VERB NOUN,12,0.865702746831923
175,рождением желаю,NOUN VERB,12,0.8581492820384488
12,примите пожалуйста,VERB ADV,12,0.8492188129035602
408,маме папе,NOUN NOUN,12,0.8259237177718921
449,юрочка поздравляю,NOUN VERB,12,0.8233452516532934
280,девочки поздравляем,NOUN VERB,12,0.7944898245939225
375,писать пока,VERB ADV,12,0.7907376151634254
47,днем весны,NOUN NOUN,12,0.789743128624635
435,днем ое,NOUN NOUN,12,0.7765194123118544
54,жду письма,VERB NOUN,12,0.7513963147621054
340,дорогой сережа,ADJ NOUN,12,0.7382645527674033
221,болит голова,VERB NOUN,12,0.715098366543293
362,также поздравляет,ADV VERB,12,0.6739840203325044
32,июня часов,NOUN NOUN,12,0.6480186459774189
107,уже увидимся,ADV VERB,12,0.6476991543449756
27,августа вечером,NOUN NOUN,12,0.636749196194934
407,передайте мое поздравление,VERB DET NOUN,12,0.6110565144299301
466,сейчас сижу,ADV VERB,12,0.5319488092547495
472,дорогая марья,ADJ NOUN,11,0.923886057523334
501,сейчас ходила,ADV VERB,11,0.9115658767835492
389,привет надя,NOUN VERB,11,0.9085995409405172
499,сейчас поеду,ADV VERB,11,0.8793268291198039
233,часто нрзб,ADV VERB,11,0.8497733271427322
78,коля пиши,NOUN VERB,11,0.8495101177953462
358,теперь посылаю,ADV VERB,11,0.838558614543686
393,уже еду,ADV VERB,11,0.8315477970310933
488,сейчас нахожусь,ADV VERB,11,0.8269625284924803
162,жить долго,VERB ADV,11,0.818503590552547
231,счастья удач,NOUN NOUN,11,0.817407835711188
276,поступать институт,VERB NOUN,11,0.814163096412867
437,послала вам письмо,VERB PRON NOUN,11,0.8043704443232875
312,дорогой братец,ADJ NOUN,11,0.7685646673430626
493,сможет вероятно,VERB ADV,11,0.7662954324365914
149,высокоторжествен ным праздником,ADJ ADJ NOUN,11,0.7585962202119741
159,шлю привет,ADJ NOUN,11,0.756607876689906
183,семейной жизни,ADJ NOUN,11,0.747000251655927
195,крепкого здоровья,ADJ NOUN,11,0.7454271594881312
424,дорогая аничка,ADJ NOUN,11,0.7317094257782327
174,праздником желаю,NOUN VERB,11,0.7084821503541696
52,тов директор,NOUN NOUN,11,0.6982121495346765
404,любящая тебя сестра,VERB PRON NOUN,11,0.6783521910833742
277,уведомляю еще,VERB ADV,11,0.6541669396019524
344,второй день,ADJ NOUN,11,0.6420233568049585
172,пью чай,VERB NOUN,11,0.6168914501553162
265,желаем счастья,VERB NOUN,10,0.9781446984337613
444,оленька поздравляю,NOUN VERB,10,0.9622634105218953
150,великим праздником,ADJ NOUN,10,0.9567998422272126
191,кататься на лодке,VERB ADP NOUN,10,0.9480162111748776
442,маму бабушку,NOUN NOUN,10,0.9351777544905449
239,успехов работе,NOUN NOUN,10,0.932556499974236
414,получаете писем,VERB NOUN,10,0.9175687230429055
238,наступающим годом,VERB NOUN,10,0.9150733455505922
450,открытое письмо,ADJ NOUN,10,0.9121721177697959
111,сердечные пожелания,ADJ NOUN,10,0.8972682473028595
420,леночка поздравляю,NOUN VERB,10,0.8960418301573521
401,здоров пиши,ADJ VERB,10,0.89343476781712
208,настроение настроения,NOUN NOUN,10,0.872311378500833
494,могу еще,VERB ADV,10,0.8716619374320954
16,целую люба,ADJ NOUN,10,0.8635456262109782
462,час утра,NOUN NOUN,10,0.8609474824628034
331,новым счастьем,ADJ NOUN,10,0.8608897243636354
45,поздравляю мая,VERB NOUN,10,0.8481411680289528
490,время проводим,NOUN VERB,10,0.8449740493105795
399,николаевич поздравляю,NOUN VERB,10,0.8400435642186466
70,поздравляю именинником,VERB NOUN,10,0.8258733287831671
258,бодрости счастья,NOUN NOUN,10,0.8199673818976738
0,праздником нрзб,NOUN VERB,10,0.8170066622608992
460,ий день,NOUN NOUN,10,0.8154376571792241
432,обл асть,NOUN NOUN,10,0.8107296828020811
245,нрзб июля,VERB NOUN,10,0.8010765531479827
161,праздником шлем,NOUN NOUN,10,0.7982816755944817
507,приезжайте гости,VERB NOUN,10,0.7980700868794901
37,желания мечты,NOUN NOUN,10,0.7680489327465395
158,большое спасибо,ADJ NOUN,10,0.7515796414167744
152,дня нрзб,NOUN VERB,10,0.7366602319006356
315,ученица класса,NOUN NOUN,10,0.7136630428170586
395,ская ул,ADJ NOUN,10,0.7002158057997645
216,со ст анции,ADP NOUN NOUN,10,0.5456798075337438
264,счастья желаю,NOUN VERB,9,0.9877455904846314
307,получила телеграмму,VERB NOUN,9,0.9836624154922649
372,уже писала,ADV VERB,9,0.9820559305102528
204,здоровы целуем,ADJ VERB,9,0.9770421164824066
137,нрзб здорово,VERB ADV,9,0.9642813835644319
227,шлю нрзб,NOUN VERB,9,0.9589349608392431
194,горячо любящей,ADV VERB,9,0.9545917769755256
443,дорогая ниночка,ADJ NOUN,9,0.9311352505013618
225,хорошего нрзб,ADJ VERB,9,0.9267328203776839
256,курс технологию,NOUN NOUN,9,0.9139039727276246
8,привет поцелуй,NOUN NOUN,9,0.9089996022170124
193,здоровы любящая,ADJ VERB,9,0.8961365523822619
132,хорошая девочка,ADJ NOUN,9,0.8903913950434023
291,новым годом,ADJ NOUN,9,0.8894223397664683
203,веселого праздника,ADJ NOUN,9,0.8885348732981575
171,пробуду еще,VERB ADV,9,0.8820667865678798
154,еще целуют,ADV VERB,9,0.8807252972030627
402,пишите привет,VERB NOUN,9,0.8807026261545556
396,кв дача,NOUN NOUN,9,0.855725155933363
338,милый боря,ADJ NOUN,9,0.8548857492260882
332,новом месте,ADJ NOUN,9,0.8483470510649073
100,семья целуем,NOUN VERB,9,0.8465683415372424
76,воскресения желаем,NOUN VERB,9,0.8454004544654677
190,пароход идет,NOUN VERB,9,0.841622463658578
145,нрзб немного,VERB ADV,9,0.8297087645383461
456,целый день,ADJ NOUN,9,0.8294898745931284
65,хорошего маму,ADJ NOUN,9,0.8280514041871605
99,вас новым желаем,PRON ADJ NOUN,9,0.8250935207263856
345,очень нравится,ADV VERB,9,0.8221280349912183
383,сыночек поздравляем,NOUN VERB,9,0.8167071375923959
298,идут занятия,VERB NOUN,9,0.811543876230123
148,праздничным приветом,ADJ NOUN,9,0.8105663767641822
311,федоровна поздравляю,NOUN VERB,9,0.7964980383263538
34,долгое молчание,ADJ NOUN,9,0.7910751584319886
178,самые теплые пожелания,ADJ ADJ NOUN,9,0.7862327880490682
35,привет надеюсь,NOUN VERB,9,0.7645292784686157
151,нрзб утром,VERB NOUN,9,0.7290483175948156
357,сегодня послал,ADV VERB,9,0.7289003562009598
215,уч еник,NOUN NOUN,9,0.7241953933186885
7,жму вашу руку,VERB DET NOUN,9,0.7185710702302925
468,поехать туда,VERB ADV,9,0.6904134672258972
206,лучшего счастья,ADJ NOUN,9,0.6712530875695369
433,рая поздравляю,NOUN VERB,8,1.0
509,скоро приедешь,ADV VERB,8,1.0
425,письмо пришлю,NOUN NOUN,8,0.9946203064707504
506,знаю приеду,VERB NOUN,8,0.9730167007751745
241,больших успехов,ADJ NOUN,8,0.9718672052554564
295,оля шлю,NOUN NOUN,8,0.9640143813798344
459,дорогой леля,ADJ NOUN,8,0.9499634279148739
167,здоров шлю,ADJ NOUN,8,0.947064874364814
297,мира радости,NOUN NOUN,8,0.9395200346053452
475,дорогая лидуша,ADJ NOUN,8,0.9390184542743636
457,большую часть,ADJ NOUN,8,0.9390048863777809
96,передай мой поклон,VERB DET NOUN,8,0.9380877391374565
279,пожеланий здоровья,NOUN NOUN,8,0.9360108482539413
324,последние дни,ADJ NOUN,8,0.9336355860556094
377,добрый день,ADJ NOUN,8,0.9316872255940126
18,праздником первомаем,NOUN VERB,8,0.9273829568065267
42,вас международным днём,PRON ADJ NOUN,8,0.9189150331265992
116,дома нрзб,ADV VERB,8,0.910702752699937
496,уже начинает,ADV VERB,8,0.9070660782765432
363,михайловну поздравляю,NOUN VERB,8,0.9036063432505768
169,год целуем,NOUN VERB,8,0.8976882855915813
222,сильно болеет,ADV VERB,8,0.8947418518451857
71,передай пожалуйста,VERB ADV,8,0.8911394290374335
439,толя поздравляем,NOUN VERB,8,0.8796791226324494
325,прошлый год,ADJ NOUN,8,0.8526323832674042
170,здесь пробудем,ADV VERB,8,0.843413847738541
355,привет маруся,NOUN VERB,8,0.8431538325502714
67,весеннего настроения,ADJ NOUN,8,0.822325790672988
388,сидя дома,VERB ADV,8,0.8104303191152001
82,днем победы,NOUN NOUN,8,0.7977161423663894
328,сережа поздравляю,NOUN VERB,8,0.7854027552493761
244,поздравляю вас наступающим,VERB PRON NOUN,8,0.7814916961657296
91,сентября года,NOUN NOUN,8,0.7573258384226543
448,светочка поздравляю,NOUN VERB,7,0.996530434740969
242,встретить год,VERB NOUN,7,0.9925959638641242
141,живу городе,VERB NOUN,7,0.9913101650195989
92,годом поздравляю,NOUN VERB,7,0.9891353372880181
352,адрес почт,NOUN NOUN,7,0.9880948997622053
313,старшего брата,ADJ NOUN,7,0.9847004780161169
220,радости успехов,NOUN NOUN,7,0.9793038480446781
421,милый славный мальчик,ADJ ADJ NOUN,7,0.9645378487839861
350,дайте ответ,VERB NOUN,7,0.9600660057604006
128,нрзб вечером,VERB NOUN,7,0.9556532063297787
105,праздником шлю,NOUN NOUN,7,0.954761902936786
90,начале ноября,NOUN NOUN,7,0.949417926612864
412,надо поздравить,ADV VERB,7,0.9481902443344509
114,мама говорит,NOUN VERB,7,0.9461826584948547
97,вас дорогим днем,PRON ADJ NOUN,7,0.9386292580064828
168,поздравляю вас шлю,VERB PRON NOUN,7,0.9360031722787839
153,крепко обнимаем,ADV VERB,7,0.9358768272057738
346,очень люблю,ADV VERB,7,0.9318015700032788
371,крепко пиши,ADV VERB,7,0.9303740564969543
20,храни вас бог,VERB PRON NOUN,7,0.9289271104416158
270,васильевна шлю,ADJ NOUN,7,0.9173147694408206
22,го апреля,NOUN NOUN,7,0.9137564150262332
275,горного свердловского института,ADJ ADJ NOUN,7,0.9119848976085178
316,художественный музей,ADJ NOUN,7,0.9112973233079134
94,мама шлю,NOUN NOUN,7,0.9074812700387265
101,вам хороших успехов,PRON ADJ NOUN,7,0.9068766948379199
36,еще надеюсь,ADV VERB,7,0.9013730251063264
93,года приветом,NOUN NOUN,7,0.8971768625853463
505,много гуляет,ADV VERB,7,0.8954997087474137
237,полного благополучия,ADJ NOUN,7,0.8910019635263501
189,всего хорошего приветом,PRON ADJ NOUN,7,0.8821414728019289
59,нет сил,VERB NOUN,7,0.8779265843012614
250,успешного завершения,ADJ NOUN,7,0.8706303925296538
77,воскресе поздравляю,NOUN VERB,7,0.8687666138590477
182,годом счастья,NOUN NOUN,7,0.8612739705729362
309,уважаемые товарищи,ADJ NOUN,7,0.8491730067429787
252,благополучия приветом,NOUN NOUN,7,0.8417730190646526
41,взять билет,VERB NOUN,7,0.8198672719289977
157,раз спасибо,NOUN NOUN,6,1.0
274,душевного счастья,ADJ NOUN,6,1.0
333,алексеевну поздравляю,NOUN VERB,6,1.0
129,нрзб счастья,VERB NOUN,6,0.99754369045413
405,хорошо пишите,ADV VERB,6,0.9973076543277412
430,тётя поля,ADJ NOUN,6,0.9972718853726348
422,дорогой сынок,ADJ NOUN,6,0.9967793556105723
58,нет времени,VERB NOUN,6,0.9963571048583079
155,крепко любящий,ADV VERB,6,0.9957245346907359
176,самых наилучших успехов,ADJ ADJ NOUN,6,0.9939999858613092
89,светлым праздником,ADJ NOUN,6,0.9924391709712966
289,получил твоё,VERB ADV,6,0.9909976283665808
314,ученик истрэтеску,NOUN NOUN,6,0.9881179394071543
138,здоровья нрзб,NOUN VERB,6,0.9867409845779397
359,писать много,VERB ADV,6,0.9856507800746003
296,уважающая вас зинаида,VERB PRON NOUN,6,0.9851722441772878
426,дорогую веру,ADJ NOUN,6,0.9842711025462818
278,желаю здоровья,VERB NOUN,6,0.9841751445700352
384,деньги вышлю,NOUN VERB,6,0.9831970516356684
380,написала так,VERB ADV,6,0.9821003950683306
219,хорошего праздничного настроения,ADJ ADJ NOUN,6,0.9818839845767885
386,сам город,ADJ NOUN,6,0.979162024524174
80,здоровы ждем,ADJ VERB,6,0.9790680896645556
378,растет правда,VERB NOUN,6,0.9781187505116802
397,подробное письмо,ADJ NOUN,6,0.9777039583874491
495,теперь есть,ADV VERB,6,0.9771207281663351
282,работе здоровья,NOUN NOUN,6,0.9739446024717532
387,домашних делах,ADJ NOUN,6,0.9735672878727905
485,время провела,NOUN VERB,6,0.9710221468904789
373,посылаю тебе вид,VERB PRON NOUN,6,0.9709385030416516
261,наступающим праздником,VERB NOUN,6,0.9706867957300146
121,большой привет,ADJ NOUN,6,0.9673116071874323
318,хожу гимназию,VERB NOUN,6,0.9660365931855416
248,экзамен выдержал,NOUN VERB,6,0.9640561059676269
1,всего лучшего подпись,PRON ADJ NOUN,6,0.9620099567508632
66,вас весенними праздниками,PRON ADJ NOUN,6,0.9612868052876569
55,жду ответа,VERB NOUN,6,0.9590741064311636
482,сейчас осмотрели,ADV VERB,6,0.956543171886182
39,вам большого счастья,PRON ADJ NOUN,6,0.9547957493316174
390,поздравляем дядю,VERB NOUN,6,0.9511908031577315
127,искренне благодарю,ADV VERB,6,0.9488875679536651
247,годом нрзб,NOUN VERB,6,0.9427661318237405
103,декабря года,NOUN NOUN,6,0.9416072710001963
187,поздравляю вас рождеством,VERB PRON NOUN,6,0.9403196980940858
115,нрзб жизни,VERB NOUN,6,0.9402099448205798
74,большим нетерпением,ADJ NOUN,6,0.9329532083901141
409,папочка мамочка,NOUN NOUN,6,0.9316907292013847
379,потому пишу,ADV VERB,6,0.9314724505388998
319,учебного года,ADJ NOUN,6,0.9313579815180527
185,радостных дней,ADJ NOUN,6,0.9247348960615911
294,привет волги,NOUN NOUN,6,0.8987061982617691
321,получила спасибо,VERB NOUN,6,0.8899097714486573
108,также желаю,ADV VERB,6,0.8747984908749551
14,подпись июля,NOUN NOUN,5,1.0
44,оля толя,NOUN VERB,5,1.0
56,еской губ,ADJ NOUN,5,1.0
61,мама кланяются,NOUN VERB,5,1.0
62,дорогой петя,ADJ NOUN,5,1.0
68,христовым желаю,ADJ VERB,5,1.0
87,рождества хр,NOUN NOUN,5,1.0
104,января года,NOUN NOUN,5,1.0
106,желаю вам встрети,VERB PRON NOUN,5,1.0
118,пока живу,ADV VERB,5,1.0
119,так сделать,ADV VERB,5,1.0
124,семейного личного счастья,ADJ ADJ NOUN,5,1.0
125,опоздал на часа,VERB ADP NOUN,5,1.0
130,милая родная,ADJ NOUN,5,1.0
133,дорогие юра,ADJ NOUN,5,1.0
135,хорошо жить,ADJ VERB,5,1.0
144,посылаю вам привет,VERB PRON NOUN,5,1.0
146,сижу на станции,VERB ADP NOUN,5,1.0
160,шлем поздравления,NOUN NOUN,5,1.0
166,вас спраздником праздником,PRON ADJ NOUN,5,1.0
181,самого лучшего здоровья,ADJ ADJ NOUN,5,1.0
192,принесет вам радость,VERB PRON NOUN,5,1.0
198,поменьше болеть,ADV VERB,5,1.0
199,вам искренний привет,PRON ADJ NOUN,5,1.0
201,днем желаю,NOUN VERB,5,1.0
202,жара ужасная,NOUN VERB,5,1.0
209,веселого настроения,VERB NOUN,5,1.0
213,берегите здоровье,VERB NOUN,5,1.0
223,провести эти дни,VERB DET NOUN,5,1.0
226,открытку нрзб,NOUN VERB,5,1.0
246,радости улыбок,NOUN NOUN,5,1.0
251,желаю жизни,VERB NOUN,5,1.0
254,успехов привет,NOUN NOUN,5,1.0
257,петербург нрзб,NOUN VERB,5,1.0
259,бодрости здоровья,NOUN NOUN,5,1.0
262,кончает курс,VERB NOUN,5,1.0
263,желаю вам счастья,VERB PRON NOUN,5,1.0
266,годом здоровья,NOUN NOUN,5,1.0
271,семье здоровья,NOUN NOUN,5,1.0
284,радости благополучия,NOUN NOUN,5,1.0
290,вас новым годом,PRON ADJ NOUN,5,1.0
293,получила ответ,VERB NOUN,5,1.0
299,прощайте крепко,VERB ADV,5,1.0
308,вера поздравляем,NOUN VERB,5,1.0
320,приятно получить,ADJ VERB,5,1.0
327,звонит по телефону,VERB ADP NOUN,5,1.0
341,живете приветом,VERB NOUN,5,1.0
349,петрович поздравляю,NOUN VERB,5,1.0
354,закрытого письма,VERB NOUN,5,1.0
356,получили очень,VERB ADV,5,1.0
360,пиши скорее,VERB ADV,5,1.0
365,милый дорогой ваня,ADJ ADJ NOUN,5,1.0
368,мама получила,NOUN VERB,5,1.0
391,привет александре,NOUN NOUN,5,1.0
403,дорогая сестричка,ADJ NOUN,5,1.0
418,еще поздравляю,ADV VERB,5,1.0
419,здравствуйте тетя,VERB NOUN,5,1.0
423,дорогая бабушка,ADJ NOUN,5,1.0
434,дедушка бабушка,NOUN NOUN,5,1.0
436,овым одом,ADJ NOUN,5,1.0
441,бабушку папу,NOUN NOUN,5,1.0
447,дорогую милую,ADJ NOUN,5,1.0
451,воскресенье пиши,NOUN VERB,5,1.0
452,письмо ответа,NOUN NOUN,5,1.0
454,хорошо доехали,ADV VERB,5,1.0
463,идет довольно,VERB ADV,5,1.0
465,лежу кровати,VERB NOUN,5,1.0
469,пятницу вечером,NOUN NOUN,5,1.0
480,день проводила,NOUN VERB,5,1.0
483,приехали домой,VERB ADV,5,1.0
491,иметь возможность,VERB NOUN,5,1.0
502,вчера писал,ADV VERB,5,1.0
504,сейчас иду,ADV VERB,5,1.0
